country,year,gdp_growth,growth_change,gdp_rolling_avg,cumulative_growth,growth_category
ABW,2003,1.110505,,1.110505,1.110505,Low Growth
ABW,2006,1.127411,0.016905999999999866,1.1189580000000001,2.2379160000000002,Low Growth
ABW,2009,-11.677741,-12.805152,-3.146608333333333,-9.439824999999999,Negative Growth
ABW,2020,-23.89799,-12.220249,-11.482773333333332,-33.337815,Negative Growth
AFE,1994,1.919654,,1.919654,1.919654,Low Growth
AFE,2000,3.181375,1.261721,2.5505145000000002,5.1010290000000005,Moderate Growth
AFE,2001,3.503533,0.32215799999999994,2.868187333333333,8.604562,Moderate Growth
AFE,2002,3.917113,0.41358000000000006,3.5340070000000003,12.521675,Moderate Growth
AFE,2005,6.173659,2.2565459999999997,4.531434999999999,18.695334,High Growth
AFE,2006,6.637497,0.463838,5.576089666666667,25.332831,High Growth
AFE,2007,6.700033,0.06253600000000059,6.5037296666666675,32.032864000000004,High Growth
AFE,2008,4.437529,-2.2625040000000007,5.925019666666667,36.470393,Moderate Growth
AFE,2009,0.919473,-3.5180559999999996,4.019011666666667,37.389866,Low Growth
AFE,2012,1.897173,0.9777,2.418058333333333,39.287039,Low Growth
AFE,2013,4.356682,2.459509,2.391109333333333,43.643721,Moderate Growth
AFW,1994,-0.228793,,-0.228793,-0.228793,Negative Growth
AFW,2000,3.812161,4.040954,1.791684,3.583368,Moderate Growth
AFW,2001,5.248683,1.4365219999999996,2.944017,8.832051,Moderate Growth
AFW,2002,9.943307,4.694624000000001,6.334717,18.775358,High Growth
AFW,2005,5.797434,-4.145873000000001,6.996474666666667,24.572792,Moderate Growth
AFW,2006,5.287171,-0.5102630000000001,7.009304,29.859963,Moderate Growth
AFW,2008,6.210812,0.9236409999999999,5.7651390000000005,36.070775,High Growth
AFW,2009,6.141191,-0.06962099999999971,5.879724666666667,42.211966000000004,High Growth
AFW,2012,5.129703,-1.011488,5.827235333333333,47.341669,Moderate Growth
AFW,2013,6.046692,0.916989,5.772528666666666,53.388361,High Growth
AFW,2014,5.691551,-0.3551410000000006,5.622648666666667,59.079912,Moderate Growth
AGO,2003,3.487312,,3.487312,3.487312,Moderate Growth
AGO,2006,11.841818,8.354506,7.664565,15.32913,High Growth
AGO,2009,1.995589,-9.846229,5.774906333333333,17.324718999999998,Low Growth
ALB,2009,2.690752,,2.690752,2.690752,Moderate Growth
AND,2003,8.694204,,8.694204,8.694204,High Growth
AND,2006,4.808689,-3.885514999999999,6.7514465,13.502893,Moderate Growth
AND,2009,-5.302847,-10.111536000000001,2.7333486666666666,8.200046,Negative Growth
ARB,1994,3.355358,,3.355358,3.355358,Moderate Growth
ARB,2000,6.336729,2.981371,4.8460435,9.692087,High Growth
ARB,2001,2.097407,-4.239322,3.929831333333333,11.789494,Moderate Growth
ARB,2002,1.220748,-0.8766590000000001,3.2182946666666665,13.010242,Low Growth
ARB,2005,5.572955,4.352207,2.9637033333333336,18.583197,Moderate Growth
ARB,2006,6.276297,0.7033419999999992,4.3566666666666665,24.859493999999998,High Growth
ARB,2008,5.57116,-0.7051369999999997,5.806804,30.430654,Moderate Growth
ARB,2009,0.648247,-4.922912999999999,4.165234666666666,31.078901,Low Growth
ARB,2012,5.493754,4.845507,3.904387,36.572655,Moderate Growth
ARB,2013,2.647321,-2.846433,2.929774,39.219976,Moderate Growth
ARB,2014,2.659752,0.012431000000000303,3.600275666666667,41.879728,Moderate Growth
ARE,2011,6.736468,,6.736468,6.736468,High Growth
ARE,2012,4.683266,-2.0532020000000006,5.709867,11.419734,Moderate Growth
ARE,2014,4.632881,-0.05038499999999946,5.3508716666666665,16.052615,Moderate Growth
ARE,2017,-1.061377,-5.6942580000000005,2.75159,14.991238000000001,Negative Growth
ARE,2018,1.537167,2.598544,1.7028903333333334,16.528405,Low Growth
ARE,2019,1.271342,-0.265825,0.5823773333333333,17.799747,Low Growth
ARG,2003,8.837041,,8.837041,8.837041,High Growth
ARG,2006,8.047152,-0.7898889999999987,8.4420965,16.884193,High Growth
ARG,2009,-5.918525,-13.965677,3.655222666666667,10.965668,Negative Growth
ARM,2003,14.0,,14.0,14.0,High Growth
ARM,2006,13.2,-0.8000000000000007,13.6,27.2,High Growth
ARM,2009,-14.1,-27.299999999999997,4.366666666666666,13.1,Negative Growth
ARM,2020,-7.2,6.8999999999999995,-2.7000000000000006,5.8999999999999995,Negative Growth
ASM,2003,0.965517,,0.965517,0.965517,Low Growth
ASM,2006,-4.098361,-5.063878,-1.5664219999999998,-3.1328439999999995,Negative Growth
ASM,2009,-4.166667,-0.06830600000000064,-2.4331703333333334,-7.299511,Negative Growth
ATG,2003,6.076637,,6.076637,6.076637,High Growth
ATG,2006,12.708147,6.6315100000000005,9.392392000000001,18.784784000000002,High Growth
ATG,2009,-11.962879,-24.671025999999998,2.273968333333334,6.821905000000001,Negative Growth
AUS,2003,3.09128,,3.09128,3.09128,Moderate Growth
AUS,2006,2.770926,-0.320354,2.931103,5.862206,Moderate Growth
AUS,2009,1.954848,-0.8160779999999999,2.6056846666666664,7.817054,Low Growth
AUS,2020,-0.133532,-2.08838,1.530747333333333,7.683521999999999,Negative Growth
AUT,2003,1.141565,,1.141565,1.141565,Low Growth
AUT,2006,3.269336,2.127771,2.2054505,4.410901,Moderate Growth
AUT,2009,-3.586265,-6.855601,0.27487866666666666,0.8246359999999999,Negative Growth
AUT,2011,2.927468,6.513733,0.8701796666666667,3.752104,Moderate Growth
AUT,2020,-6.318255,-9.245723,-2.325684,-2.5661509999999996,Negative Growth
AZE,2003,10.208299,,10.208299,10.208299,High Growth
AZE,2006,34.46621,24.257910999999996,22.3372545,44.674509,High Growth
AZE,2009,9.369503,-25.096706999999995,18.014670666666664,54.044011999999995,High Growth
AZE,2011,-1.572997,-10.942499999999999,14.087572,52.471014999999994,Negative Growth
AZE,2020,-4.198961,-2.6259639999999997,1.1991816666666644,48.272054,Negative Growth
BDI,2003,-1.223728,,-1.223728,-1.223728,Negative Growth
BDI,2009,3.787076,5.010804,1.281674,2.563348,Moderate Growth
BDI,2010,5.093737,1.306661,2.5523616666666666,7.657085,Moderate Growth
BDI,2012,4.423031,-0.670706,4.434614666666666,12.080116,Moderate Growth
BDI,2018,5.342245,0.9192140000000002,4.953004333333333,17.422361,Moderate Growth
BDI,2020,0.306444,-5.035801,3.3572399999999996,17.728805,Low Growth
BEL,2001,1.099604,,1.099604,1.099604,Low Growth
BEL,2006,2.552341,1.4527370000000002,1.8259725000000002,3.6519450000000004,Moderate Growth
BEL,2011,1.931155,-0.6211860000000002,1.8610333333333333,5.5831,Low Growth
BEL,2020,-4.792984,-6.724138999999999,-0.10316266666666636,0.7901160000000012,Negative Growth
BEN,2001,5.333136,,5.333136,5.333136,Moderate Growth
BEN,2006,3.943739,-1.3893969999999998,4.6384375,9.276875,Moderate Growth
BEN,2011,2.963753,-0.9799859999999998,4.080209333333333,12.240628,Moderate Growth
BFA,2003,7.802494,,7.802494,7.802494,High Growth
BFA,2009,2.961951,-4.840543,5.3822225,10.764445,Moderate Growth
BFA,2010,8.446282,5.484331,6.403575666666666,19.210727,High Growth
BFA,2012,6.452672,-1.9936100000000003,5.953635000000001,25.663399,High Growth
BFA,2018,6.604569,0.15189699999999995,7.167841,32.267967999999996,High Growth
BGD,2001,5.077288,,5.077288,5.077288,Moderate Growth
BGD,2003,4.739567,-0.33772100000000016,4.9084275,9.816855,Moderate Growth
BGD,2006,6.671905,1.9323379999999997,5.496253333333333,16.48876,High Growth
BGD,2011,6.464379,-0.20752599999999966,5.958617,22.953139,High Growth
BGD,2020,3.448018,-3.0163610000000003,5.528100666666667,26.401157,Moderate Growth
BGR,2009,-3.347141,,-3.347141,-3.347141,Negative Growth
BGR,2010,1.55536,4.902501,-0.8958905,-1.791781,Low Growth
BGR,2012,0.748815,-0.8065450000000001,-0.34765533333333337,-1.042966,Low Growth
BGR,2018,2.330152,1.581337,1.5447756666666665,1.287186,Moderate Growth
BHR,2003,6.296441,,6.296441,6.296441,High Growth
BHR,2006,6.467,0.1705589999999999,6.3817205,12.763441,High Growth
BHR,2011,1.928158,-4.538842,4.897199666666666,14.691599,Low Growth
BHR,2020,-5.911363,-7.8395209999999995,0.8279316666666666,8.780235999999999,Negative Growth
BHS,2003,-1.264917,,-1.264917,-1.264917,Negative Growth
BHS,2006,2.516592,3.7815090000000002,0.6258375,1.251675,Moderate Growth
BHS,2009,-4.175428,-6.69202,-0.9745843333333334,-2.923753,Negative Growth
BHS,2011,0.613171,4.7885990000000005,-0.348555,-2.310582,Low Growth
BHS,2020,-20.089366,-20.702537,-7.883874333333332,-22.399948,Negative Growth
BIH,2001,2.423313,,2.423313,2.423313,Moderate Growth
BIH,2006,5.414003,2.9906900000000003,3.9186579999999998,7.8373159999999995,Moderate Growth
BIH,2010,0.865667,-4.548336,2.9009943333333332,8.702983,Low Growth
BLR,2001,4.725306,,4.725306,4.725306,Moderate Growth
BLR,2006,9.999995,5.274689,7.3626505,14.725301,High Growth
BLR,2011,5.549975,-4.45002,6.758425333333332,20.275275999999998,Moderate Growth
BLR,2020,-0.672743,-6.2227179999999995,4.959075666666666,19.602533,Negative Growth
BLZ,2001,4.993562,,4.993562,4.993562,Moderate Growth
BLZ,2006,4.511455,-0.48210700000000006,4.752508499999999,9.505016999999999,Moderate Growth
BLZ,2011,-0.130071,-4.641526,3.1249819999999997,9.374946,Negative Growth
BLZ,2020,-13.5229,-13.392829,-3.0471719999999998,-4.147954,Negative Growth
BMU,2001,7.222436,,7.222436,7.222436,High Growth
BMU,2006,5.543866,-1.6785699999999997,6.383151,12.766302,Moderate Growth
BMU,2010,-2.502878,-8.046744,3.4211413333333334,10.263424,Negative Growth
BMU,2011,-3.742744,-1.2398660000000001,-0.23391866666666652,6.5206800000000005,Negative Growth
BOL,2001,1.683799,,1.683799,1.683799,Low Growth
BOL,2006,4.797009,3.11321,3.240404,6.480808,Moderate Growth
BOL,2010,4.126723,-0.6702859999999999,3.535843666666667,10.607531000000002,Moderate Growth
BRA,2001,1.389896,,1.389896,1.389896,Low Growth
BRA,2006,3.961989,2.5720929999999997,2.6759425,5.351885,Moderate Growth
BRA,2009,-0.125812,-4.087801,1.7420243333333334,5.226073,Negative Growth
BRA,2010,7.528226,7.654038,3.7881343333333333,12.754299,High Growth
BRA,2012,1.921176,-5.60705,3.107863333333333,14.675475,Low Growth
BRA,2018,1.783667,-0.1375090000000001,3.7443563333333336,16.459142,Low Growth
BRB,2001,-2.365465,,-2.365465,-2.365465,Negative Growth
BRB,2003,2.175481,4.540946,-0.09499199999999997,-0.18998399999999993,Moderate Growth
BRB,2006,6.070546,3.895065,1.9601873333333335,5.880562,High Growth
BRB,2011,-0.31032,-6.380866,2.6452356666666668,5.570242,Negative Growth
BRB,2020,-14.364712,-14.054392,-2.8681620000000003,-8.79447,Negative Growth
BRN,2009,-1.900254,,-1.900254,-1.900254,Negative Growth
BRN,2010,2.741364,4.641618,0.4205549999999999,0.8411099999999998,Moderate Growth
BRN,2012,0.913135,-1.8282289999999999,0.5847483333333333,1.7542449999999998,Low Growth
BRN,2018,0.052371,-0.8607640000000001,1.2356233333333333,1.8066159999999998,Low Growth
BTN,2001,7.328374,,7.328374,7.328374,High Growth
BTN,2006,5.640805,-1.6875689999999999,6.4845895,12.969179,Moderate Growth
BTN,2010,11.931874,6.291069,8.300351000000001,24.901053,High Growth
BWA,2001,0.250574,,0.250574,0.250574,Low Growth
BWA,2006,8.363871,8.113297,4.3072225,8.614445,High Growth
BWA,2009,-14.144235,-22.508105999999998,-1.8432633333333335,-5.52979,Negative Growth
BWA,2010,10.119723,24.263958000000002,1.446453,4.589933,High Growth
BWA,2012,-0.170857,-10.29058,-1.398456333333333,4.4190760000000004,Negative Growth
BWA,2018,4.188692,4.3595489999999995,4.712519333333334,8.607768,Moderate Growth
CAF,2003,-5.397485,,-5.397485,-5.397485,Negative Growth
CAF,2007,4.607535,10.00502,-0.39497499999999963,-0.7899499999999993,Moderate Growth
CAF,2008,2.054131,-2.5534040000000005,0.4213936666666669,1.2641810000000007,Moderate Growth
CAF,2009,8.58726,6.533129000000001,5.082975333333334,9.851441000000001,High Growth
CAF,2020,0.9,-7.68726,3.8471303333333338,10.751441000000002,Low Growth
CAN,2003,1.806385,,1.806385,1.806385,Low Growth
CAN,2007,2.049905,0.24351999999999996,1.9281449999999998,3.8562899999999996,Moderate Growth
CAN,2008,0.995406,-1.0544989999999999,1.6172319999999998,4.851696,Low Growth
CAN,2009,-2.915086,-3.910492,0.04340833333333327,1.9366099999999995,Negative Growth
CAN,2012,1.755661,4.670747,-0.05467300000000005,3.6922709999999994,Low Growth
CAN,2018,2.742963,0.9873020000000001,0.5278459999999999,6.4352339999999995,Moderate Growth
CAN,2020,-5.038233,-7.781196,-0.17986966666666682,1.3970009999999995,Negative Growth
CEB,1994,3.688482,,3.688482,3.688482,Moderate Growth
CEB,2000,3.94605,0.257568,3.817266,7.634532,Moderate Growth
CEB,2002,3.54244,-0.40361,3.725657333333333,11.176972,Moderate Growth
CEB,2005,4.909839,1.3673989999999998,4.132776333333333,16.086811,Moderate Growth
CEB,2006,6.640535,1.730696,5.030938,22.727346,High Growth
CEB,2008,3.962281,-2.678254,5.170885,26.689627,Moderate Growth
CEB,2009,-3.622267,-7.584548,2.326849666666667,23.06736,Negative Growth
CEB,2012,0.837956,4.460223,0.3926566666666667,23.905316,Low Growth
CEB,2013,0.667867,-0.17008900000000005,-0.7054813333333333,24.573183,Low Growth
CEB,2014,3.262013,2.5941460000000003,1.5892786666666667,27.835196,Moderate Growth
CHE,1999,1.662701,,1.662701,1.662701,Low Growth
CHE,2011,1.813108,0.15040699999999996,1.7379045,3.475809,Low Growth
CHE,2016,2.06869,0.2555820000000002,1.8481663333333334,5.544499,Moderate Growth
CHI,2019,1.573356,,1.573356,1.573356,Low Growth
CHI,2020,-8.896779,-10.470135,-3.6617115,-7.323423,Negative Growth
CHL,2003,4.723245,,4.723245,4.723245,Moderate Growth
CHL,2007,5.168231,0.4449859999999992,4.945738,9.891476,Moderate Growth
CHL,2008,3.789393,-1.3788379999999996,4.560289666666667,13.680869,Moderate Growth
CHL,2009,-1.118037,-4.90743,2.6131956666666665,12.562832,Negative Growth
CHL,2019,0.634368,1.752405,1.101908,13.1972,Low Growth
CHL,2020,-6.143475,-6.777843,-2.2090479999999997,7.053725,Negative Growth
CHN,2003,10.118193,,10.118193,10.118193,High Growth
CHN,2007,14.149985,4.031791999999999,12.134089,24.268178,High Growth
CHN,2008,9.670246,-4.479738999999999,11.312807999999999,33.938424,High Growth
CHN,2009,9.4027,-0.26754600000000117,11.074310333333335,43.341124,High Growth
CHN,2019,6.068502,-3.3341979999999998,8.380482666666667,49.409625999999996,High Growth
CHN,2020,2.340188,-3.7283139999999997,5.93713,51.749814,Moderate Growth
CIV,2008,4.782666,,4.782666,4.782666,Moderate Growth
CIV,2009,3.603322,-1.179344,4.192994,8.385988,Moderate Growth
CIV,2019,6.721372,3.1180499999999998,5.035786666666667,15.10736,High Growth
CMR,2003,5.453154,,5.453154,5.453154,Moderate Growth
CMR,2007,4.327589,-1.125565,4.8903715,9.780743,Moderate Growth
CMR,2009,2.579252,-1.7483369999999998,4.119998333333333,12.359995,Moderate Growth
CMR,2012,4.625979,2.046727,3.844273333333333,16.985974,Moderate Growth
CMR,2018,3.955514,-0.6704650000000001,3.7202483333333327,20.941488,Moderate Growth
CMR,2020,0.259933,-3.695581,2.9471419999999995,21.201421,Low Growth
COD,2007,8.52993,,8.52993,8.52993,High Growth
COD,2008,7.401723,-1.1282070000000006,7.9658265,15.931653,High Growth
COD,2009,0.565482,-6.836240999999999,5.499045,16.497135,Low Growth
COD,2019,0.555384,-0.010098000000000051,2.840863,17.052519,Low Growth
COG,2008,6.306376,,6.306376,6.306376,High Growth
COG,2009,11.637289,5.330913000000001,8.971832500000001,17.943665000000003,High Growth
COG,2019,1.124474,-10.512815000000002,6.356046333333334,19.068139000000002,Low Growth
COL,2003,3.918272,,3.918272,3.918272,Moderate Growth
COL,2007,6.738195,2.819923,5.3282335,10.656467,High Growth
COL,2008,3.283446,-3.454749,4.646637666666667,13.939913,Moderate Growth
COL,2009,1.139649,-2.143797,3.7204300000000003,15.079562,Low Growth
COL,2019,3.186855,2.047206,2.53665,18.266417,Moderate Growth
COL,2020,-7.185914,-10.372769,-0.9531366666666669,11.080503,Negative Growth
COM,2003,1.934428,,1.934428,1.934428,Low Growth
COM,2007,0.8036,-1.1308280000000002,1.369014,2.738028,Low Growth
COM,2008,3.964611,3.1610110000000002,2.234213,6.702639,Moderate Growth
COM,2009,3.240602,-0.7240090000000001,2.6696043333333335,9.943241,Moderate Growth
COM,2019,1.760702,-1.4799,2.9886383333333337,11.703943,Low Growth
CPV,2003,4.176259,,4.176259,4.176259,Moderate Growth
CPV,2007,15.170688,10.994429,9.6734735,19.346947,High Growth
CPV,2009,-1.503587,-16.674275,5.9477866666666666,17.84336,Negative Growth
CPV,2010,1.836419,3.340006,5.16784,19.679779,Low Growth
CPV,2012,1.083648,-0.7527710000000001,0.47215999999999997,20.763427,Low Growth
CPV,2018,3.706965,2.623317,2.2090106666666665,24.470392,Moderate Growth
CPV,2020,-20.805276,-24.512241,-5.338221,3.665116000000001,Negative Growth
CRI,2008,4.738175,,4.738175,4.738175,Moderate Growth
CRI,2009,-0.873456,-5.611631,1.9323595,3.864719,Negative Growth
CRI,2019,2.417512,3.290968,2.094077,6.2822309999999995,Moderate Growth
CSS,1994,3.336765,,3.336765,3.336765,Moderate Growth
CSS,2000,4.691505,1.35474,4.0141350000000005,8.028270000000001,Moderate Growth
CSS,2002,3.985048,-0.7064570000000003,4.004439333333333,12.013318,Moderate Growth
CSS,2005,4.395228,0.41018000000000043,4.3572603333333335,16.408546,Moderate Growth
CSS,2006,7.832098,3.43687,5.404124666666667,24.240644,High Growth
CSS,2008,1.699666,-6.1324320000000005,4.642330666666667,25.94031,Low Growth
CSS,2009,-3.39232,-5.0919859999999995,2.046481333333333,22.54799,Negative Growth
CSS,2012,4.034857,7.4271769999999995,0.7807343333333329,26.582847,Moderate Growth
CSS,2013,1.375226,-2.6596309999999996,0.6725876666666663,27.958073,Low Growth
CSS,2014,2.591497,1.2162709999999999,2.667193333333333,30.54957,Moderate Growth
CUB,2019,-0.163087,,-0.163087,-0.163087,Negative Growth
CYM,2007,3.162625,,3.162625,3.162625,Moderate Growth
CYM,2008,-0.357401,-3.5200259999999997,1.402612,2.805224,Negative Growth
CYM,2009,-7.200483,-6.843082,-1.4650863333333335,-4.395259,Negative Growth
CYM,2020,-4.954807,2.2456760000000004,-4.170897,-9.350066,Negative Growth
DEU,2009,-5.544555,,-5.544555,-5.544555,Negative Growth
DEU,2010,4.134638,9.679193,-0.7049585,-1.409917,Moderate Growth
DEU,2017,2.797907,-1.336731,0.46266333333333326,1.3879899999999998,Moderate Growth
DEU,2023,-0.869648,-3.667555,2.0209656666666667,0.5183419999999999,Negative Growth
DZA,2006,2.9,,2.9,2.9,Moderate Growth
DZA,2009,1.2,-1.7,2.05,4.1,Low Growth
EAP,1994,10.949036,,10.949036,10.949036,High Growth
EAP,2002,8.15516,-2.793875999999999,9.552098,19.104196,High Growth
EAP,2004,9.149149,0.9939889999999991,9.417781666666666,28.253345,High Growth
EAP,2005,10.049409,0.9002600000000012,9.117906,38.302754,High Growth
EAP,2006,11.070309,1.0208999999999993,10.089622333333333,49.373063,High Growth
EAP,2008,8.648828,-2.421481,9.922848666666667,58.021891,High Growth
EAP,2009,8.016038,-0.63279,9.245058333333333,66.037929,High Growth
EAP,2010,9.897951,1.8819130000000008,8.854272333333332,75.93588,High Growth
EAP,2012,7.579148,-2.318803000000001,8.497712333333334,83.515028,High Growth
EAP,2013,7.317542,-0.26160599999999956,8.264880333333334,90.83257,High Growth
EAP,2014,7.022976,-0.29456600000000055,7.306555333333333,97.855546,High Growth
EAR,1994,3.352429,,3.352429,3.352429,Moderate Growth
EAR,2000,4.367731,1.0153020000000001,3.86008,7.72016,Moderate Growth
EAR,2002,1.734605,-2.633126,3.151588333333333,9.454765,Low Growth
EAR,2004,6.365584,4.630979,4.155973333333333,15.820349,High Growth
EAR,2005,5.971768,-0.39381600000000017,4.690652333333333,21.792117,Moderate Growth
EAR,2006,6.141284,0.16951599999999978,6.159545333333334,27.933401,High Growth
EAR,2008,3.486731,-2.654553,5.1999276666666665,31.420132,Moderate Growth
EAR,2009,0.646995,-2.839736,3.425003333333333,32.067127,Low Growth
EAR,2012,4.230325,3.5833299999999997,2.788017,36.297452,Moderate Growth
EAR,2013,4.030777,-0.19954800000000006,2.969365666666666,40.328229,Moderate Growth
EAR,2014,3.985711,-0.04506599999999983,4.0822709999999995,44.31394,Moderate Growth
EAS,1994,5.273256,,5.273256,5.273256,Moderate Growth
EAS,2000,5.460468,0.1872119999999997,5.366861999999999,10.733723999999999,Moderate Growth
EAS,2002,4.445527,-1.0149409999999994,5.059750333333334,15.179251,Moderate Growth
EAS,2004,5.896119,1.4505919999999994,5.267371333333333,21.07537,Moderate Growth
EAS,2005,5.95665,0.06053100000000011,5.432765333333333,27.03202,Moderate Growth
EAS,2006,6.479931,0.5232809999999999,6.1109,33.511950999999996,High Growth
EAS,2008,4.433156,-2.0467749999999993,5.623245666666667,37.945107,Moderate Growth
EAS,2009,2.624096,-1.8090600000000001,4.512394333333334,40.569203,Moderate Growth
EAS,2012,5.208914,2.584818,4.088722000000001,45.778117,Moderate Growth
EAS,2013,5.278816,0.06990199999999991,4.370608666666667,51.056933,Moderate Growth
EAS,2014,4.798356,-0.4804599999999999,5.095362000000001,55.855289,Moderate Growth
ECA,2002,6.397405,,6.397405,6.397405,High Growth
ECA,2004,9.607024,3.209618999999999,8.0022145,16.004429,High Growth
ECA,2005,8.535154,-1.0718699999999988,8.179861,24.539583,High Growth
ECA,2008,3.094191,-5.440963,7.078789666666666,27.633774,Moderate Growth
ECA,2010,7.125969,4.031778000000001,6.251771333333333,34.759743,High Growth
ECA,2013,6.517139,-0.6088300000000002,5.579099666666667,41.276882,High Growth
ECA,2014,3.182573,-3.334566,5.608560333333333,44.459455,Moderate Growth
ECA,2015,3.416127,0.23355399999999982,4.371946333333334,47.875582,Moderate Growth
ECA,2019,2.581908,-0.834219,3.0602026666666666,50.45749,Moderate Growth
ECS,2002,1.562785,,1.562785,1.562785,Low Growth
ECS,2004,3.178746,1.6159609999999998,2.3707655,4.741531,Moderate Growth
ECS,2005,2.724189,-0.4545569999999999,2.488573333333333,7.465719999999999,Moderate Growth
ECS,2008,1.024772,-1.699417,2.3092356666666665,8.490492,Low Growth
ECS,2010,2.632321,1.6075490000000001,2.127094,11.122813,Moderate Growth
ECS,2013,0.864284,-1.768037,1.5071256666666664,11.987097,Low Growth
ECS,2014,1.930011,1.0657269999999999,1.8088719999999998,13.917107999999999,Low Growth
EMU,1994,2.515272,,2.515272,2.515272,Moderate Growth
EMU,2002,0.946767,-1.568505,1.7310195,3.462039,Low Growth
EMU,2004,2.311875,1.3651080000000002,1.9246379999999998,5.7739139999999995,Moderate Growth
EMU,2005,1.771667,-0.540208,1.6767696666666667,7.545581,Low Growth
EMU,2008,0.410531,-1.3611360000000001,1.4980243333333334,7.956112,Low Growth
EMU,2010,2.118231,1.7077000000000002,1.4334763333333334,10.074343,Moderate Growth
EMU,2012,-0.920857,-3.0390880000000005,0.5359683333333335,9.153486000000001,Negative Growth
EMU,2013,-0.166725,0.754132,0.3435496666666667,8.986761,Negative Growth
EMU,2014,1.455875,1.6226,0.12276433333333332,10.442636,Low Growth
ESP,1999,4.408865,,4.408865,4.408865,Moderate Growth
ESP,2011,-0.639921,-5.048786,1.8844719999999997,3.7689439999999994,Negative Growth
ESP,2013,-1.427322,-0.787401,0.7805406666666665,2.3416219999999996,Negative Growth
EST,2018,3.699698,,3.699698,3.699698,Moderate Growth
ETH,2018,6.816148,,6.816148,6.816148,High Growth
EUU,2002,1.097695,,1.097695,1.097695,Low Growth
EUU,2004,2.599909,1.5022139999999997,1.848802,3.697604,Moderate Growth
EUU,2005,1.983579,-0.6163299999999998,1.8937276666666667,5.681183,Low Growth
EUU,2008,0.617987,-1.365592,1.7338249999999997,6.299169999999999,Low Growth
EUU,2010,2.181801,1.5638140000000003,1.5944556666666667,8.480971,Moderate Growth
EUU,2014,1.632722,-0.5490790000000001,1.4775033333333332,10.113693,Low Growth
EUU,2015,2.371953,0.739231,2.0621586666666665,12.485646,Moderate Growth
EUU,2019,1.875247,-0.49670599999999987,1.9599739999999999,14.360893,Low Growth
FCS,2002,3.222288,,3.222288,3.222288,Moderate Growth
FCS,2004,11.943776,8.721488,7.583031999999999,15.166063999999999,High Growth
FCS,2008,5.068079,-6.875697,6.7447143333333335,20.234143,Moderate Growth
FCS,2010,6.173688,1.1056090000000003,7.728514333333333,26.407830999999998,High Growth
FCS,2014,1.67656,-4.497128,4.306109,28.084391,Low Growth
FCS,2015,0.167306,-1.509254,2.672518,28.251697,Low Growth
FCS,2019,0.815292,0.647986,0.886386,29.066989,Low Growth
FIN,2018,1.192978,,1.192978,1.192978,Low Growth
FIN,2023,-0.939093,-2.132071,0.12694250000000007,0.25388500000000014,Negative Growth
FJI,2018,3.812351,,3.812351,3.812351,Moderate Growth
FJI,2023,9.442459,5.630108,6.6274049999999995,13.254809999999999,High Growth
FRA,2010,2.000325,,2.000325,2.000325,Moderate Growth
FRA,2018,1.645909,-0.35441600000000006,1.823117,3.646234,Low Growth
FRA,2023,1.439215,-0.20669400000000016,1.6951496666666668,5.0854490000000006,Low Growth
FRO,2018,2.76371,,2.76371,2.76371,Moderate Growth
FRO,2023,3.158739,0.3950290000000001,2.9612245,5.922449,Moderate Growth
FSM,1999,1.128792,,1.128792,1.128792,Low Growth
FSM,2004,-3.190383,-4.319175,-1.0307955,-2.061591,Negative Growth
FSM,2014,-2.585816,0.6045670000000003,-1.5491356666666667,-4.647407,Negative Growth
FSM,2020,-1.672941,0.9128749999999999,-2.4830466666666666,-6.320348,Negative Growth
GAB,2010,7.089887,,7.089887,7.089887,High Growth
GAB,2018,0.837917,-6.25197,3.963902,7.927804,Low Growth
GAB,2023,2.438937,1.60102,3.4555803333333337,10.366741000000001,Moderate Growth
GBR,2011,0.851438,,0.851438,0.851438,Low Growth
GBR,2012,1.52826,0.6768219999999999,1.189849,2.379698,Low Growth
GBR,2014,3.160174,1.631914,1.846624,5.539872,Moderate Growth
GBR,2017,3.023222,-0.13695199999999996,2.5705519999999997,8.563094,Moderate Growth
GBR,2018,1.551331,-1.471891,2.5782423333333333,10.114425,Low Growth
GBR,2019,1.256299,-0.29503199999999996,1.9436173333333333,11.370724,Low Growth
GEO,2010,6.246409,,6.246409,6.246409,High Growth
GEO,2023,7.832201,1.5857920000000005,7.039305000000001,14.078610000000001,High Growth
GHA,2009,4.844487,,4.844487,4.844487,Moderate Growth
GHA,2010,7.899712,3.055225,6.3720995,12.744199,High Growth
GHA,2017,8.128895,0.22918299999999991,6.957698000000001,20.873094000000002,High Growth
GHA,2023,3.140091,-4.988804,6.389565999999999,24.013185,Moderate Growth
GIN,2009,-1.122642,,-1.122642,-1.122642,Negative Growth
GIN,2017,10.300005,11.422647000000001,4.5886815,9.177363,High Growth
GMB,2010,5.908336,,5.908336,5.908336,Moderate Growth
GMB,2018,7.23489,1.3265539999999998,6.571613,13.143226,High Growth
GMB,2023,5.916796,-1.3180940000000003,6.353340666666667,19.060022,Moderate Growth
GNB,2009,2.447951,,2.447951,2.447951,Moderate Growth
GNB,2017,4.663679,2.215728,3.555815,7.11163,Moderate Growth
GNQ,2018,-6.236544,,-6.236544,-6.236544,Negative Growth
GRC,2009,-4.119276,,-4.119276,-4.119276,Negative Growth
GRC,2010,-5.693741,-1.574465,-4.9065085,-9.813017,Negative Growth
GRC,2017,1.473125,7.166866000000001,-2.779964,-8.339892,Low Growth
GRC,2023,2.135911,0.6627860000000001,-0.6949016666666666,-6.203981000000001,Moderate Growth
GRD,2009,-6.613281,,-6.613281,-6.613281,Negative Growth
GRD,2010,-0.511146,6.102135,-3.5622135,-7.124427,Negative Growth
GRD,2017,4.438676,4.949822,-0.8952503333333333,-2.6857509999999998,Moderate Growth
GRD,2023,4.526575,0.08789900000000017,2.818035,1.8408240000000005,Moderate Growth
GRL,2009,0.865952,,0.865952,0.865952,Low Growth
GRL,2010,1.735825,0.8698729999999999,1.3008885000000001,2.6017770000000002,Low Growth
GRL,2017,0.052728,-1.683097,0.8848349999999999,2.654505,Low Growth
GRL,2023,0.865962,0.813234,0.8848383333333333,3.520467,Low Growth
GTM,2009,0.476898,,0.476898,0.476898,Low Growth
GTM,2010,2.884175,2.407277,1.6805364999999999,3.3610729999999998,Moderate Growth
GTM,2017,3.079851,0.19567600000000018,2.1469746666666665,6.440924,Moderate Growth
GTM,2023,3.533158,0.4533069999999997,3.1657279999999997,9.974082,Moderate Growth
GUM,2009,0.438684,,0.438684,0.438684,Low Growth
GUM,2010,2.263252,1.824568,1.350968,2.701936,Moderate Growth
GUM,2017,0.8901,-1.3731520000000002,1.1973453333333333,3.592036,Low Growth
GUY,2005,-1.950958,,-1.950958,-1.950958,Negative Growth
GUY,2009,3.611508,5.562466000000001,0.8302750000000001,1.6605500000000002,Moderate Growth
GUY,2017,3.734492,0.12298399999999976,1.7983473333333333,5.395042,Moderate Growth
HIC,2002,1.638892,,1.638892,1.638892,Low Growth
HIC,2004,3.515051,1.8761590000000001,2.5769715,5.153943,Moderate Growth
HIC,2008,0.689193,-2.825858,1.947712,5.843136,Low Growth
HIC,2010,3.046671,2.357478,2.4169716666666665,8.889807000000001,Moderate Growth
HIC,2015,2.344258,-0.702413,2.0267073333333334,11.234065000000001,Moderate Growth
HIC,2019,1.894575,-0.44968300000000005,2.428501333333333,13.12864,Low Growth
HKG,2005,7.38819,,7.38819,7.38819,High Growth
HKG,2009,-2.459153,-9.847343,2.4645184999999996,4.929036999999999,Negative Growth
HKG,2017,3.796111,6.255264,2.9083826666666663,8.725147999999999,Moderate Growth
HKG,2018,2.846951,-0.94916,1.3946363333333334,11.572099,Moderate Growth
HND,2005,6.050599,,6.050599,6.050599,High Growth
HND,2009,-2.431628,-8.482227,1.8094855,3.618971,Negative Growth
HND,2017,4.842914,7.274542,2.8206283333333335,8.461885,Moderate Growth
HND,2018,3.844995,-0.9979190000000004,2.085427,12.30688,Moderate Growth
HPC,2002,3.912135,,3.912135,3.912135,Moderate Growth
HPC,2004,5.766957,1.8548219999999995,4.839546,9.679092,Moderate Growth
HPC,2008,5.620804,-0.14615299999999998,5.0999653333333335,15.299896,Moderate Growth
HPC,2010,6.168056,0.5472520000000003,5.851939000000001,21.467952,High Growth
HPC,2015,4.906846,-1.2612100000000002,5.565235333333333,26.374798,Moderate Growth
HPC,2019,4.204828,-0.7020179999999998,5.093243333333333,30.579625999999998,Moderate Growth
HRV,2009,-6.812312,,-6.812312,-6.812312,Negative Growth
HRV,2019,3.101527,9.913839,-1.8553925000000002,-3.7107850000000004,Moderate Growth
HTI,2005,3.072173,,3.072173,3.072173,Moderate Growth
HTI,2009,5.890379,2.8182060000000004,4.481276,8.962552,Moderate Growth
HTI,2017,2.510271,-3.3801080000000003,3.8242743333333333,11.472823,Moderate Growth
HUN,2005,4.300283,,4.300283,4.300283,Moderate Growth
HUN,2009,-6.740166,-11.040449,-1.2199415,-2.439883,Negative Growth
HUN,2017,4.124184,10.86435,0.5614336666666665,1.6843009999999996,Moderate Growth
HUN,2018,5.606138,1.481954,0.9967186666666663,7.290438999999999,Moderate Growth
HUN,2019,5.077185,-0.5289529999999996,4.935835666666667,12.367624,Moderate Growth
IBD,2002,4.513915,,4.513915,4.513915,Moderate Growth
IBD,2004,7.729472,3.2155570000000004,6.1216935,12.243387,High Growth
IBD,2008,5.939093,-1.7903790000000006,6.060826666666666,18.182479999999998,Moderate Growth
IBD,2010,7.769139,1.8300460000000003,7.145901333333334,25.951619,High Growth
IBD,2015,4.317245,-3.4518940000000002,6.008492333333333,30.268864,Moderate Growth
IBD,2019,3.990804,-0.326441,5.3590626666666665,34.259668,Moderate Growth
IBT,2001,3.682514,,3.682514,3.682514,Moderate Growth
IBT,2002,4.59432,0.9118059999999999,4.138417,8.276834,Moderate Growth
IBT,2004,7.644558,3.0502380000000002,5.307130666666667,15.921391999999999,High Growth
IBT,2008,5.867673,-1.776885,6.035517,21.789065,Moderate Growth
IBT,2010,7.640876,1.7732029999999996,7.0510356666666665,29.429941,High Growth
IBT,2015,4.248558,-3.3923179999999995,5.919035666666666,33.678499,Moderate Growth
IBT,2019,3.986064,-0.2624940000000002,5.291832666666667,37.664563,Moderate Growth
IDA,2001,4.047119,,4.047119,4.047119,Moderate Growth
IDA,2002,5.469515,1.422396,4.758317,9.516634,Moderate Growth
IDA,2008,5.035052,-0.43446300000000004,4.850562,14.551686,Moderate Growth
IDA,2015,3.433062,-1.6019900000000002,4.645876333333334,17.984748,Moderate Growth
IDA,2019,3.927702,0.49463999999999997,4.131938666666667,21.91245,Moderate Growth
IDB,2001,3.970864,,3.970864,3.970864,Moderate Growth
IDB,2002,6.396161,2.425297,5.1835125,10.367025,High Growth
IDB,2004,7.380961,0.9847999999999999,5.915995333333334,17.747986,High Growth
IDB,2008,4.176731,-3.20423,5.984617666666668,21.924717,Moderate Growth
IDB,2010,5.943463,1.7667320000000002,5.833718333333334,27.868180000000002,Moderate Growth
IDB,2015,3.835202,-2.108261,4.651798666666667,31.703382,Moderate Growth
IDB,2019,3.022958,-0.8122440000000002,4.267207666666667,34.72634,Moderate Growth
IDN,2005,5.692571,,5.692571,5.692571,Moderate Growth
IDN,2009,4.628871,-1.0636999999999999,5.160721000000001,10.321442000000001,Moderate Growth
IDN,2017,5.069786,0.4409149999999995,5.130409333333334,15.391228,Moderate Growth
IDN,2018,5.174292,0.10450600000000065,4.957649666666668,20.56552,Moderate Growth
IDN,2019,5.019288,-0.15500399999999992,5.087788666666667,25.584808000000002,Moderate Growth
IDX,2001,4.12619,,4.12619,4.12619,Moderate Growth
IDX,2002,4.510087,0.38389700000000015,4.3181385,8.636277,Moderate Growth
IDX,2008,5.925327,1.4152399999999998,4.853868,14.561604,Moderate Growth
IDX,2015,3.017686,-2.9076410000000004,4.484366666666667,17.57929,Moderate Growth
IDX,2019,4.822154,1.8044680000000004,4.588389,22.401444,Moderate Growth
IMN,2005,5.899999,,5.899999,5.899999,Moderate Growth
IMN,2009,2.1,-3.799999,3.9999995000000004,7.999999000000001,Moderate Growth
IMN,2017,2.837758,0.7377579999999999,3.6125856666666665,10.837757,Moderate Growth
IMN,2018,2.213398,-0.6243599999999998,2.3837186666666668,13.051155000000001,Moderate Growth
IMN,2019,0.254878,-1.9585200000000003,1.7686780000000002,13.306033000000001,Low Growth
IND,2005,7.923431,,7.923431,7.923431,High Growth
IND,2009,7.861889,-0.06154200000000021,7.892659999999999,15.785319999999999,High Growth
IND,2017,6.795383,-1.0665059999999995,7.526901,22.580703,High Growth
IND,2018,6.453851,-0.34153199999999995,7.037040999999999,29.034554,High Growth
IND,2019,3.871437,-2.5824140000000004,5.706890333333334,32.905991,Moderate Growth
IRL,2005,5.739782,,5.739782,5.739782,Moderate Growth
IRL,2009,-5.095783,-10.835564999999999,0.3219995,0.643999,Negative Growth
IRL,2017,10.108858,15.204640999999999,3.5842856666666663,10.752856999999999,High Growth
IRL,2018,7.688659,-2.4201989999999993,4.233911333333334,18.441516,High Growth
IRL,2019,4.97288,-2.7157790000000004,7.590132333333334,23.414396,Moderate Growth
IRN,2005,3.189804,,3.189804,3.189804,Moderate Growth
IRN,2009,1.007385,-2.1824190000000003,2.0985945,4.197189,Low Growth
IRN,2017,3.026855,2.01947,2.408014666666667,7.224044,Moderate Growth
IRN,2018,-3.74796,-6.774815,0.09542666666666684,3.476084,Negative Growth
IRN,2019,-2.361435,1.3865249999999998,-1.0275133333333333,1.114649,Negative Growth
IRQ,2005,1.675229,,1.675229,1.675229,Low Growth
IRQ,2009,3.379299,1.70407,2.527264,5.054528,Moderate Growth
IRQ,2017,-1.81975,-5.1990490000000005,1.0782593333333332,3.234778,Negative Growth
IRQ,2018,2.633851,4.453601,1.3978,5.868629,Moderate Growth
IRQ,2019,5.513791,2.8799400000000004,2.1092973333333336,11.38242,Moderate Growth
ISL,2005,7.029341,,7.029341,7.029341,High Growth
ISL,2009,-8.321464,-15.350805000000001,-0.6460615000000005,-1.292123000000001,Negative Growth
ISL,2017,3.485067,11.806531,0.7309813333333329,2.192943999999999,Moderate Growth
ISL,2018,4.66077,1.1757030000000004,-0.058542333333333474,6.853713999999999,Moderate Growth
ISL,2019,1.138212,-3.522558,3.094683,7.991925999999999,Low Growth
ISR,2005,4.387789,,4.387789,4.387789,Moderate Growth
ISR,2009,1.237732,-3.1500569999999994,2.8127605,5.625521,Low Growth
ISR,2017,4.346931,3.1091989999999994,3.3241506666666667,9.972452,Moderate Growth
ISR,2018,4.003899,-0.343032,3.196187333333333,13.976351,Moderate Growth
ISR,2019,3.710496,-0.29340299999999964,4.020442,17.686847,Moderate Growth
ITA,2009,-5.305154,,-5.305154,-5.305154,Negative Growth
ITA,2017,1.6037,6.908854,-1.850727,-3.701454,Low Growth
ITA,2019,0.429163,-1.174537,-1.0907636666666667,-3.272291,Low Growth
JAM,2001,1.34493,,1.34493,1.34493,Low Growth
JAM,2009,-4.345302,-5.690232,-1.5001860000000002,-3.0003720000000005,Negative Growth
JAM,2019,1.809431,6.154733,-0.3969803333333335,-1.1909410000000005,Low Growth
JOR,2001,5.269958,,5.269958,5.269958,Moderate Growth
JOR,2008,7.220386,1.9504280000000005,6.245172,12.490344,High Growth
JPN,2001,0.386103,,0.386103,0.386103,Low Growth
JPN,2008,-1.224289,-1.610392,-0.419093,-0.838186,Negative Growth
JPN,2009,-5.693236,-4.468947,-2.177140666666667,-6.531422,Negative Growth
JPN,2019,-0.402169,5.291067,-2.439898,-6.933591,Negative Growth
KAZ,2001,13.5,,13.5,13.5,High Growth
KAZ,2008,3.3,-10.2,8.4,16.8,Moderate Growth
KEN,2001,3.779906,,3.779906,3.779906,Moderate Growth
KEN,2008,0.232283,-3.547623,2.0060945,4.012189,Low Growth
KGZ,2001,5.321621,,5.321621,5.321621,Moderate Growth
KGZ,2008,8.401616,3.0799950000000003,6.8616185000000005,13.723237000000001,High Growth
KHM,2003,10.283681,,10.283681,10.283681,High Growth
KHM,2007,10.398458,0.11477700000000013,10.3410695,20.682139,High Growth
KHM,2009,4.074779,-6.323678999999999,8.252305999999999,24.756918,Moderate Growth
KHM,2012,7.650257,3.5754779999999995,7.374498,32.407175,High Growth
KHM,2018,8.776224,1.1259669999999993,6.833753333333334,41.183398999999994,High Growth
KHM,2020,-3.555722,-12.331945999999999,4.290253000000001,37.627677,Negative Growth
KIR,2001,-3.144129,,-3.144129,-3.144129,Negative Growth
KIR,2008,-2.984731,0.15939799999999993,-3.0644299999999998,-6.1288599999999995,Negative Growth
KNA,1999,3.219886,,3.219886,3.219886,Moderate Growth
KNA,2011,1.616607,-1.603279,2.4182465,4.836493,Low Growth
KNA,2013,5.727281,4.1106739999999995,3.5212579999999996,10.563773999999999,Moderate Growth
KNA,2016,3.932703,-1.7945779999999996,3.7588636666666666,14.496476999999999,Moderate Growth
KOR,2001,4.725936,,4.725936,4.725936,Moderate Growth
KOR,2008,3.004405,-1.7215309999999997,3.8651705,7.730341,Moderate Growth
KWT,2001,0.213333,,0.213333,0.213333,Low Growth
KWT,2008,2.479757,2.266424,1.346545,2.69309,Moderate Growth
LAC,2001,0.142934,,0.142934,0.142934,Low Growth
LAC,2003,2.387296,2.244362,1.265115,2.53023,Moderate Growth
LAC,2008,3.728402,1.341106,2.0862106666666667,6.258632,Moderate Growth
LAO,2001,5.751413,,5.751413,5.751413,Moderate Growth
LAO,2008,7.824903,2.0734899999999996,6.788158,13.576316,High Growth
LBN,2001,3.839669,,3.839669,3.839669,Moderate Growth
LBN,2008,9.069128,5.2294589999999985,6.4543985,12.908797,High Growth
LBN,2013,3.827873,-5.241254999999999,5.57889,16.73667,Moderate Growth
LBN,2014,2.48406,-1.343813,5.127020333333333,19.22073,Moderate Growth
LBR,2008,7.145691,,7.145691,7.145691,High Growth
LBR,2009,5.300541,-1.8451500000000003,6.223116,12.446232,Moderate Growth
LBR,2013,8.687288,3.3867470000000006,7.044506666666667,21.13352,High Growth
LBR,2014,0.701393,-7.985895,4.896407333333333,21.834913,Low Growth
LBY,2008,-0.162048,,-0.162048,-0.162048,Negative Growth
LBY,2009,-4.400182,-4.238134,-2.2811150000000002,-4.5622300000000005,Negative Growth
LBY,2013,-17.997962,-13.59778,-7.5200640000000005,-22.560192,Negative Growth
LBY,2014,-23.042806,-5.044843999999998,-15.146983333333333,-45.602998,Negative Growth
LCA,1999,2.670604,,2.670604,2.670604,Moderate Growth
LCA,2011,4.326943,1.656339,3.4987735,6.997547,Moderate Growth
LCA,2016,3.427872,-0.8990710000000002,3.4751396666666667,10.425419,Moderate Growth
LCN,2001,0.531564,,0.531564,0.531564,Low Growth
LCN,2003,2.210473,1.678909,1.3710185,2.742037,Moderate Growth
LCN,2008,3.690772,1.480299,2.1442696666666667,6.432809,Moderate Growth
LCN,2015,0.238233,-3.452539,2.0464926666666665,6.671042,Low Growth
LCN,2019,0.312079,0.073846,1.4136946666666665,6.983121,Low Growth
LDC,2001,4.899975,,4.899975,4.899975,Moderate Growth
LDC,2003,5.154895,0.25491999999999937,5.0274350000000005,10.054870000000001,Moderate Growth
LDC,2008,6.454266,1.2993709999999998,5.503045333333333,16.509135999999998,High Growth
LIC,2001,4.03285,,4.03285,4.03285,Moderate Growth
LIC,2003,5.676851,1.6440010000000003,4.8548504999999995,9.709700999999999,Moderate Growth
LIC,2005,6.041697,0.364846,5.250466,15.751398,High Growth
LIC,2008,4.987542,-1.0541549999999997,5.568696666666667,20.73894,Moderate Growth
LIE,2008,1.798088,,1.798088,1.798088,Low Growth
LIE,2009,-1.157483,-2.955571,0.32030249999999993,0.6406049999999999,Negative Growth
LKA,1999,4.30054,,4.30054,4.30054,Moderate Growth
LKA,2011,8.669483,4.368943,6.4850115,12.970023,High Growth
LKA,2013,4.051746,-4.617737,5.673922999999999,17.021769,Moderate Growth
LKA,2016,5.053625,1.0018790000000006,5.924951333333333,22.075394,Moderate Growth
LMC,2001,4.338056,,4.338056,4.338056,Moderate Growth
LMC,2003,5.94738,1.609324,5.142718,10.285436,Moderate Growth
LMC,2005,6.702478,0.7550980000000003,5.662638,16.987914,High Growth
LMC,2008,4.590188,-2.11229,5.746682,21.578102,Moderate Growth
LMY,2001,3.656849,,3.656849,3.656849,Moderate Growth
LMY,2003,5.937544,2.280695,4.7971965,9.594393,Moderate Growth
LMY,2005,7.368791,1.431247,5.654394666666666,16.963184,High Growth
LMY,2008,5.942699,-1.4260919999999997,6.416344666666667,22.905883,Moderate Growth
LSO,2008,5.52342,,5.52342,5.52342,Moderate Growth
LSO,2009,-1.253758,-6.777177999999999,2.134831,4.269662,Negative Growth
LSO,2013,1.792526,3.046284,2.020729333333333,6.062188,Low Growth
LSO,2014,1.71055,-0.08197600000000005,0.7497726666666668,7.772738,Low Growth
LTE,2001,5.194858,,5.194858,5.194858,Moderate Growth
LTE,2003,6.880899,1.6860410000000003,6.0378785,12.075757,High Growth
LTE,2008,6.956886,0.07598699999999958,6.344214333333333,19.032643,High Growth
LTE,2015,4.707889,-2.248997,6.181891333333333,23.740532,Moderate Growth
LTE,2019,4.747056,0.03916699999999995,5.470610333333333,28.487588,Moderate Growth
LTU,2008,2.599462,,2.599462,2.599462,Moderate Growth
LTU,2009,-14.838612,-17.438074,-6.119574999999999,-12.239149999999999,Negative Growth
LTU,2013,4.046913,18.885525,-2.730745666666667,-8.192237,Moderate Growth
LTU,2014,3.772544,-0.2743690000000001,-2.339718333333334,-4.4196930000000005,Moderate Growth
LUX,2008,-0.300176,,-0.300176,-0.300176,Negative Growth
LUX,2009,-3.238954,-2.938778,-1.769565,-3.53913,Negative Growth
LUX,2013,3.17179,6.410744,-0.12244666666666666,-0.36734,Moderate Growth
LUX,2014,2.623087,-0.5487030000000002,0.8519743333333333,2.255747,Moderate Growth
LVA,2001,6.460578,,6.460578,6.460578,High Growth
LVA,2008,-3.388717,-9.849295,1.5359304999999999,3.0718609999999997,Negative Growth
MAC,2008,3.392516,,3.392516,3.392516,Moderate Growth
MAC,2009,1.298379,-2.094137,2.3454475,4.690895,Low Growth
MAC,2013,10.781671,9.483291999999999,5.157522,15.472566,High Growth
MAC,2014,-2.038742,-12.820412999999999,3.347102666666667,13.433824000000001,Negative Growth
MAF,2016,5.0,,5.0,5.0,Moderate Growth
MAR,1999,1.697061,,1.697061,1.697061,Low Growth
MAR,2007,3.441068,1.744007,2.5690645,5.138129,Moderate Growth
MAR,2011,5.524645,2.0835769999999996,3.5542579999999995,10.662773999999999,Moderate Growth
MAR,2020,-7.178207,-12.702852,0.5958353333333335,3.484567,Negative Growth
MCO,1999,3.300539,,3.300539,3.300539,Moderate Growth
MCO,2011,7.022357,3.7218180000000003,5.161448,10.322896,High Growth
MCO,2014,7.187028,0.16467099999999935,5.836641333333334,17.509924,High Growth
MCO,2020,-13.239105,-20.426133,0.3234266666666663,4.2708189999999995,Negative Growth
MDA,1999,-3.368254,,-3.368254,-3.368254,Negative Growth
MDA,2011,5.818166,9.18642,1.224956,2.449912,Moderate Growth
MDA,2014,4.999626,-0.8185399999999996,2.4831793333333336,7.449538,Moderate Growth
MDA,2020,-8.275978,-13.275604000000001,0.8472713333333329,-0.8264400000000016,Negative Growth
MDG,2008,6.712633,,6.712633,6.712633,High Growth
MDG,2009,-3.978709,-10.691342,1.3669620000000002,2.7339240000000005,Negative Growth
MDG,2013,2.300376,6.279085,1.6781,5.0343,Moderate Growth
MDG,2014,3.339203,1.038827,0.5536233333333334,8.373503,Moderate Growth
MDV,2004,5.924893,,5.924893,5.924893,Moderate Growth
MDV,2008,8.976455,3.0515619999999997,7.450673999999999,14.901347999999999,High Growth
MDV,2009,-8.340699,-17.317154000000002,2.186883,6.560649,Negative Growth
MDV,2013,6.974962,15.315661,2.5369059999999997,13.535611,High Growth
MDV,2014,7.860686,0.8857240000000006,2.164983,21.396297,High Growth
MEA,2001,1.962755,,1.962755,1.962755,Low Growth
MEA,2003,4.699607,2.7368520000000003,3.331181,6.662362,Moderate Growth
MEA,2005,5.288409,0.5888019999999994,3.9835903333333333,11.950771,Moderate Growth
MEA,2008,4.376541,-0.9118680000000001,4.788185666666666,16.327312,Moderate Growth
MEX,1999,2.75503,,2.75503,2.75503,Moderate Growth
MEX,2004,3.565441,0.8104109999999998,3.1602354999999998,6.3204709999999995,Moderate Growth
MEX,2014,2.503764,-1.061677,2.9414116666666668,8.824235,Moderate Growth
MHL,2004,-0.408355,,-0.408355,-0.408355,Negative Growth
MHL,2014,-1.259584,-0.851229,-0.8339695,-1.667939,Negative Growth
MIC,2001,3.649649,,3.649649,3.649649,Moderate Growth
MIC,2003,5.942578,2.292929,4.796113500000001,9.592227000000001,Moderate Growth
MIC,2005,7.393874,1.4512960000000001,5.662033666666667,16.986101,High Growth
MKD,2002,1.493665,,1.493665,1.493665,Low Growth
MKD,2004,4.67409,3.1804249999999996,3.0838775,6.167755,Moderate Growth
MKD,2009,-0.358615,-5.032705,1.9363799999999998,5.809139999999999,Negative Growth
MKD,2015,3.855865,4.21448,2.72378,9.665005,Moderate Growth
MLI,2004,1.477325,,1.477325,1.477325,Low Growth
MLI,2008,3.638711,2.161386,2.5580179999999997,5.116035999999999,Moderate Growth
MLI,2009,5.454736,1.8160249999999998,3.5235906666666668,10.570772,Moderate Growth
MLI,2014,6.502639,1.0479030000000007,5.198695333333333,17.073411,High Growth
MLT,2004,0.407354,,0.407354,0.407354,Low Growth
MLT,2014,7.631364,7.22401,4.019359,8.038718,High Growth
MMR,1999,10.94513,,10.94513,10.94513,High Growth
MMR,2004,13.564662,2.6195319999999995,12.254896,24.509792,High Growth
MMR,2007,11.991435,-1.573227000000001,12.167075666666667,36.501227,High Growth
MMR,2011,5.591482,-6.399952999999999,10.382526333333333,42.092709,Moderate Growth
MMR,2020,-9.048347,-14.639828999999999,2.8448566666666664,33.044362,Negative Growth
MNA,2001,2.836137,,2.836137,2.836137,Moderate Growth
MNA,2003,2.80148,-0.034656999999999716,2.8188085000000003,5.6376170000000005,Moderate Growth
MNA,2005,4.950825,2.149345,3.5294806666666667,10.588442,Moderate Growth
MNA,2008,3.463284,-1.4875410000000002,3.738529666666667,14.051726,Moderate Growth
MNE,1999,-9.399998,,-9.399998,-9.399998,Negative Growth
MNE,2007,7.13755,16.537548,-1.131224,-2.262448,High Growth
MNE,2011,3.409788,-3.7277620000000002,0.3824466666666666,1.1473399999999998,Moderate Growth
MNE,2014,2.370309,-1.0394789999999996,4.305882333333334,3.517649,Moderate Growth
MNE,2020,-14.992619,-17.362928,-3.0708406666666668,-11.474969999999999,Negative Growth
MNG,1999,3.070369,,3.070369,3.070369,Moderate Growth
MNG,2011,17.290778,14.220409,10.1805735,20.361147,High Growth
MNG,2014,7.885225,-9.405553,9.415457333333334,28.246372,High Growth
MNG,2020,-4.557752,-12.442976999999999,6.872750333333333,23.68862,Negative Growth
MNP,2004,-3.077975,,-3.077975,-3.077975,Negative Growth
MNP,2009,-17.573222,-14.495247,-10.3255985,-20.651197,Negative Growth
MNP,2013,2.680965,20.254187,-5.990077333333333,-17.970232,Moderate Growth
MNP,2015,3.383459,0.7024940000000002,-3.8362659999999997,-14.586772999999999,Moderate Growth
MOZ,1999,11.816987,,11.816987,11.816987,High Growth
MOZ,2007,7.649354,-4.1676329999999995,9.7331705,19.466341,High Growth
MOZ,2011,7.134058,-0.5152960000000002,8.866799666666667,26.600399,High Growth
MOZ,2020,-1.219523,-8.353581,4.521296333333333,25.380875999999997,Negative Growth
MRT,2004,4.732758,,4.732758,4.732758,Moderate Growth
MRT,2014,4.274823,-0.457935,4.503790499999999,9.007580999999998,Moderate Growth
MUS,1999,2.610932,,2.610932,2.610932,Moderate Growth
MUS,2004,4.33002,1.7190880000000002,3.470476,6.940952,Moderate Growth
MUS,2014,3.82697,-0.50305,3.5893073333333336,10.767922,Moderate Growth
MWI,2008,7.639736,,7.639736,7.639736,High Growth
MWI,2009,8.32811,0.6883740000000005,7.983923000000001,15.967846000000002,High Growth
MWI,2013,5.41035,-2.9177600000000004,7.126065333333333,21.378196,Moderate Growth
MWI,2014,5.62527,0.21492000000000022,6.454576666666667,27.003466,Moderate Growth
MYS,2008,4.83177,,4.83177,4.83177,Moderate Growth
MYS,2009,-1.513529,-6.345299,1.6591204999999998,3.3182409999999996,Negative Growth
MYS,2013,4.693723,6.207252,2.670654666666666,8.011963999999999,Moderate Growth
MYS,2014,6.006722,1.3129989999999996,3.062305333333333,14.018685999999999,High Growth
NAC,2003,2.716686,,2.716686,2.716686,Moderate Growth
NAC,2005,3.461183,0.744497,3.0889345,6.177869,Moderate Growth
NAM,1999,3.369278,,3.369278,3.369278,Moderate Growth
NAM,2004,12.269548,8.90027,7.819413,15.638826,High Growth
NAM,2007,5.374044,-6.895504000000001,7.00429,21.01287,Moderate Growth
NAM,2009,0.295971,-5.078073,5.979854333333333,21.308841,Low Growth
NAM,2011,5.091338,4.795367000000001,3.5871176666666664,26.400179,Moderate Growth
NAM,2020,-8.101402,-13.19274,-0.9046976666666667,18.298777,Negative Growth
NCL,1999,0.900173,,0.900173,0.900173,Low Growth
NER,2002,4.918471,,4.918471,4.918471,Moderate Growth
NER,2004,0.363802,-4.5546690000000005,2.6411365,5.282273,Low Growth
NER,2007,3.142724,2.7789219999999997,2.808332333333334,8.424997000000001,Moderate Growth
NER,2009,1.962601,-1.1801229999999998,1.8230423333333334,10.387598,Low Growth
NER,2015,4.392649,2.4300479999999993,3.165991333333333,14.780247,Moderate Growth
NGA,2002,15.329156,,15.329156,15.329156,High Growth
NGA,2004,9.250558,-6.0785979999999995,12.289857,24.579714,High Growth
NGA,2007,6.59113,-2.659428,10.390281333333332,31.170844,High Growth
NGA,2009,8.036925,1.4457950000000004,7.959537666666667,39.207769,High Growth
NGA,2015,2.652693,-5.384232,5.760249333333333,41.860462,Moderate Growth
NIC,1999,7.03597,,7.03597,7.03597,High Growth
NIC,2002,0.753939,-6.282031,3.8949545,7.789909,Low Growth
NIC,2004,5.312171,4.558232,4.367360000000001,13.10208,Moderate Growth
NIC,2007,5.076352,-0.23581900000000022,3.714154,18.178432,Moderate Growth
NIC,2009,-3.292665,-8.369017,2.3652859999999998,14.885767,Negative Growth
NIC,2015,4.792268,8.084933,2.1919850000000003,19.678035,Moderate Growth
NLD,1999,5.043321,,5.043321,5.043321,Moderate Growth
NLD,2004,2.01631,-3.027011,3.5298154999999998,7.0596309999999995,Moderate Growth
NLD,2007,3.885306,1.868996,3.648312333333333,10.944937,Moderate Growth
NLD,2009,-3.66529,-7.5505960000000005,0.7454419999999998,7.279646999999999,Negative Growth
NLD,2011,1.773345,5.438635,0.6644536666666666,9.052992,Low Growth
NLD,2015,2.120605,0.3472599999999999,0.07621999999999989,11.173597,Moderate Growth
NLD,2020,-3.867953,-5.988557999999999,0.008665666666666608,7.305643999999999,Negative Growth
NOR,2002,1.377557,,1.377557,1.377557,Low Growth
NOR,2004,4.014588,2.637031,2.6960724999999996,5.392144999999999,Moderate Growth
NOR,2009,-1.940365,-5.954953,1.1505933333333331,3.4517799999999994,Negative Growth
NOR,2013,1.016191,2.956556,1.0301379999999998,4.4679709999999995,Low Growth
NOR,2015,1.85734,0.8411489999999999,0.31105533333333324,6.325310999999999,Low Growth
NPL,1999,4.412573,,4.412573,4.412573,Moderate Growth
NPL,2004,4.682603,0.2700300000000002,4.547588,9.095176,Moderate Growth
NPL,2007,3.41156,-1.2710430000000001,4.168912,12.506736,Moderate Growth
NPL,2009,4.533079,1.1215189999999997,4.209080666666667,17.039815,Moderate Growth
NPL,2011,3.421809,-1.1112699999999998,3.788816,20.461624,Moderate Growth
NPL,2015,3.976053,0.5542439999999997,3.9769803333333336,24.437677,Moderate Growth
NPL,2020,-2.369621,-6.345674,1.6760803333333332,22.068056000000002,Negative Growth
NRU,1999,-6.56821,,-6.56821,-6.56821,Negative Growth
NRU,2004,-4.314827,2.2533829999999995,-5.4415185,-10.883037,Negative Growth
NRU,2007,-22.077922,-17.763095,-10.986986333333334,-32.960959,Negative Growth
NRU,2009,-5.555556,16.522366,-10.649435,-38.516515000000005,Negative Growth
NRU,2011,14.705882,20.261438000000002,-4.309198666666668,-23.810633000000003,High Growth
NRU,2020,1.574803,-13.131079000000001,3.5750429999999986,-22.235830000000004,Low Growth
NZL,1999,5.377729,,5.377729,5.377729,Moderate Growth
NZL,2002,4.713478,-0.6642510000000001,5.0456035,10.091207,Moderate Growth
NZL,2004,4.087965,-0.6255130000000007,4.726390666666667,14.179172000000001,Moderate Growth
NZL,2007,3.056416,-1.0315489999999996,3.9526196666666666,17.235588,Moderate Growth
NZL,2009,-0.037466,-3.093882,2.3689716666666665,17.198122,Negative Growth
NZL,2015,3.690369,3.727835,2.2364396666666666,20.888491000000002,Moderate Growth
OED,2003,2.044334,,2.044334,2.044334,Moderate Growth
OED,2005,2.844769,0.8004349999999998,2.4445515,4.889103,Moderate Growth
OMN,2002,-0.784166,,-0.784166,-0.784166,Negative Growth
OMN,2008,8.950059,9.734225,4.082946499999999,8.165892999999999,High Growth
OMN,2009,5.981967,-2.9680919999999995,4.715953333333332,14.147859999999998,Moderate Growth
OMN,2013,5.227704,-0.7542629999999999,6.71991,19.375563999999997,Moderate Growth
OMN,2015,5.017058,-0.21064600000000056,5.408909666666666,24.392622,Moderate Growth
OSS,2005,4.604152,,4.604152,4.604152,Moderate Growth
PAK,2002,2.594817,,2.594817,2.594817,Moderate Growth
PAK,2008,2.120441,-0.4743759999999999,2.357629,4.715258,Moderate Growth
PAK,2013,4.366865,2.2464239999999998,3.027374333333333,9.082123,Moderate Growth
PAK,2015,4.217942,-0.14892299999999992,3.5684159999999996,13.300065,Moderate Growth
PAN,2002,2.508844,,2.508844,2.508844,Moderate Growth
PAN,2008,10.197433,7.688589,6.3531385,12.706277,High Growth
PAN,2013,6.324354,-3.8730790000000006,6.343543666666666,19.030631,High Growth
PER,2008,9.126568,,9.126568,9.126568,High Growth
PER,2013,5.852518,-3.274050000000001,7.489543,14.979086,Moderate Growth
PHL,2008,4.344487,,4.344487,4.344487,Moderate Growth
PHL,2013,6.750531,2.4060439999999996,5.547509,11.095018,High Growth
PHL,2017,6.930988,0.18045700000000053,6.008668666666666,18.026006,High Growth
PLW,2002,4.714978,,4.714978,4.714978,Moderate Growth
PLW,2008,-5.194905,-9.909883,-0.2399635,-0.479927,Negative Growth
PLW,2013,-2.552281,2.6426240000000005,-1.0107359999999999,-3.032208,Negative Growth
PNG,2002,-0.158901,,-0.158901,-0.158901,Negative Growth
PNG,2008,-0.296458,-0.137557,-0.22767949999999998,-0.45535899999999996,Negative Growth
PNG,2013,3.824946,4.121404,1.1231956666666667,3.369587,Moderate Growth
POL,2008,4.383771,,4.383771,4.383771,Moderate Growth
POL,2013,0.684241,-3.69953,2.534006,5.068012,Low Growth
POL,2017,5.152458,4.468217,3.4068233333333335,10.22047,Moderate Growth
PRE,2005,5.969885,,5.969885,5.969885,Moderate Growth
PRI,2008,-1.844134,,-1.844134,-1.844134,Negative Growth
PRI,2017,-2.885218,-1.0410840000000001,-2.3646760000000002,-4.7293520000000004,Negative Growth
PRT,2008,0.319247,,0.319247,0.319247,Low Growth
PRT,2017,3.31472,2.995473,1.8169834999999999,3.6339669999999997,Moderate Growth
PRY,2002,-0.021404,,-0.021404,-0.021404,Negative Growth
PRY,2008,6.496292,6.517696000000001,3.237444,6.474888,High Growth
PRY,2013,8.293076,1.7967839999999988,4.922654666666666,14.767964,High Growth
PSE,1999,8.280591,,8.280591,8.280591,High Growth
PSE,2000,-8.555573,-16.836164,-0.1374910000000007,-0.2749820000000014,Negative Growth
PSE,2001,-9.311081,-0.755507999999999,-3.195354333333334,-9.586063000000001,Negative Growth
PSE,2005,11.290651,20.601732,-2.192001,1.7045879999999993,High Growth
PSE,2006,-0.996556,-12.287207,0.3276713333333336,0.7080319999999993,Negative Growth
PSE,2007,3.788282,4.784838000000001,4.694125666666667,4.496314,Moderate Growth
PSE,2008,7.429182,3.6409,3.406969333333333,11.925495999999999,High Growth
PSE,2011,9.600808,2.1716260000000007,6.939424,21.526304,High Growth
PSE,2012,6.096457,-3.5043510000000007,7.708815666666667,27.622761,High Growth
PSE,2014,-0.157867,-6.254324,5.179799333333333,27.464894,Negative Growth
PSE,2017,1.419368,1.577235,2.452652666666667,28.884262,Low Growth
PSE,2018,1.227077,-0.192291,0.829526,30.111339,Low Growth
PSS,2005,2.426682,,2.426682,2.426682,Moderate Growth
PST,2005,2.791486,,2.791486,2.791486,Moderate Growth
PYF,2010,-2.466064,,-2.466064,-2.466064,Negative Growth
PYF,2018,1.806875,4.272939,-0.3295944999999999,-0.6591889999999998,Low Growth
PYF,2023,2.772841,0.9659660000000001,0.7045506666666667,2.113652,Moderate Growth
QAT,2008,17.663556,,17.663556,17.663556,High Growth
QAT,2017,-1.497562,-19.161118,8.082997,16.165994,Negative Growth
ROU,2017,8.195478,,8.195478,8.195478,High Growth
RUS,2017,1.82579,,1.82579,1.82579,Low Growth
RWA,2017,3.918171,,3.918171,3.918171,Moderate Growth
SAS,2005,7.644492,,7.644492,7.644492,High Growth
SAU,2017,1.182107,,1.182107,1.182107,Low Growth
SDN,1999,3.104096,,3.104096,3.104096,Moderate Growth
SDN,2011,-3.213532,-6.317628,-0.05471799999999982,-0.10943599999999964,Negative Growth
SDN,2016,3.467642,6.681174,1.1194020000000002,3.3582060000000005,Moderate Growth
SGP,2013,4.817631,,4.817631,4.817631,Moderate Growth
SLB,1999,-0.485731,,-0.485731,-0.485731,Negative Growth
SLB,2013,5.237447,5.723178000000001,2.375858,4.751716,Moderate Growth
SLE,2013,14.663324,,14.663324,14.663324,High Growth
SLV,2018,2.412444,,2.412444,2.412444,Moderate Growth
SMR,2017,0.258265,,0.258265,0.258265,Low Growth
SOM,1999,7.318296,,7.318296,7.318296,High Growth
SOM,2013,10.959299,3.6410029999999995,9.138797499999999,18.277594999999998,High Growth
SSD,2011,-4.640317,,-4.640317,-4.640317,Negative Growth
SSD,2013,13.129731,17.770048,4.244707,8.489414,High Growth
SST,2005,4.432519,,4.432519,4.432519,Moderate Growth
STP,2017,4.11298,,4.11298,4.11298,Moderate Growth
SUR,1999,-1.4,,-1.4,-1.4,Negative Growth
SUR,2011,5.849368,7.2493680000000005,2.224684,4.449368,Moderate Growth
SUR,2016,-4.911661,-10.761029,-0.1540976666666666,-0.46229299999999984,Negative Growth
SVK,2013,0.703324,,0.703324,0.703324,Low Growth
SVN,2013,-0.823776,,-0.823776,-0.823776,Negative Growth
SWE,1999,4.201119,,4.201119,4.201119,Moderate Growth
SWE,2011,3.163886,-1.037233,3.6825025,7.365005,Moderate Growth
SWE,2016,2.131179,-1.0327070000000003,3.1653946666666664,9.496184,Moderate Growth
SWZ,2018,0.065396,,0.065396,0.065396,Low Growth
SXM,2013,1.306731,,1.306731,1.306731,Low Growth
SYC,2013,1.253735,,1.253735,1.253735,Low Growth
SYR,1999,-3.55345,,-3.55345,-3.55345,Negative Growth
SYR,2011,2.850003,6.403453000000001,-0.3517235000000001,-0.7034470000000002,Moderate Growth
SYR,2016,-6.405591,-9.255594,-2.3696793333333335,-7.109038,Negative Growth
TCA,2011,4.620499,,4.620499,4.620499,Moderate Growth
TCA,2016,7.251186,2.630687,5.9358425,11.871685,High Growth
TCA,2019,4.981705,-2.269481,5.617796666666666,16.853389999999997,Moderate Growth
TCD,2003,14.721667,,14.721667,14.721667,High Growth
TCD,2007,4.200174,-10.521493,9.4609205,18.921841,Moderate Growth
TCD,2008,3.08119,-1.1189839999999998,7.334343666666666,22.003031,Moderate Growth
TCD,2009,-1.408283,-4.489473,1.9576936666666664,20.594748,Negative Growth
TCD,2019,5.382822,6.791105,2.351909666666667,25.97757,Moderate Growth
TCD,2020,-0.393647,-5.776469,1.1936306666666667,25.583923,Negative Growth
TEA,1994,10.948006,,10.948006,10.948006,High Growth
TEA,2002,8.154697,-2.793308999999999,9.551351499999999,19.102702999999998,High Growth
TEA,2004,9.148703,0.9940059999999988,9.417135333333333,28.251406,High Growth
TEA,2005,10.048953,0.9002499999999998,9.117451,38.300359,High Growth
TEA,2006,11.069775,1.0208220000000008,10.089143666666667,49.370134,High Growth
TEA,2008,8.648361,-2.4214140000000004,9.922362999999999,58.018495,High Growth
TEA,2010,9.897533,1.2491719999999997,9.871889666666666,67.916028,High Growth
TEA,2012,7.57909,-2.3184429999999994,8.708328,75.49511799999999,High Growth
TEA,2013,7.31729,-0.26180000000000003,8.264637666666667,82.81240799999999,High Growth
TEA,2014,7.022989,-0.2943009999999999,7.306456333333333,89.835397,High Growth
TEC,2002,4.992527,,4.992527,4.992527,Moderate Growth
TEC,2004,7.874682,2.882155,6.4336044999999995,12.867208999999999,High Growth
TEC,2005,6.639319,-1.2353629999999995,6.5021759999999995,19.506528,High Growth
TEC,2008,4.486132,-2.153187000000001,6.333377666666667,23.99266,Moderate Growth
TEC,2010,4.689657,0.20352500000000084,5.271702666666667,28.682317,Moderate Growth
TEC,2014,2.271123,-2.4185340000000006,3.8156373333333335,30.95344,Moderate Growth
TEC,2015,1.426263,-0.8448599999999997,2.795681,32.379703,Low Growth
TEC,2019,2.816014,1.389751,2.171133333333333,35.195717,Moderate Growth
TGO,2011,5.823256,,5.823256,5.823256,Moderate Growth
TGO,2016,4.214904,-1.608352,5.01908,10.03816,Moderate Growth
TGO,2019,4.922833,0.707929,4.986997666666666,14.960992999999998,Moderate Growth
THA,2011,0.840132,,0.840132,0.840132,Low Growth
THA,2016,3.435158,2.595026,2.137645,4.27529,Moderate Growth
TJK,1999,3.699551,,3.699551,3.699551,Moderate Growth
TJK,2011,7.400001,3.7004499999999996,5.549776,11.099552,High Growth
TJK,2016,6.9,-0.5000009999999993,5.999850666666667,17.999552,High Growth
TKM,2011,14.7,,14.7,14.7,High Growth
TKM,2016,6.2,-8.5,10.45,20.9,High Growth
TKM,2019,6.3,0.09999999999999964,9.066666666666666,27.2,High Growth
TLA,2001,0.314256,,0.314256,0.314256,Low Growth
TLA,2003,2.274301,1.960045,1.2942784999999999,2.5885569999999998,Moderate Growth
TLA,2008,3.856318,1.582017,2.1482916666666667,6.444875,Moderate Growth
TLS,2011,5.958555,,5.958555,5.958555,Moderate Growth
TLS,2016,3.009934,-2.9486209999999997,4.4842445,8.968489,Moderate Growth
TMN,2001,2.917223,,2.917223,2.917223,Moderate Growth
TMN,2003,2.74559,-0.17163299999999992,2.8314065,5.662813,Moderate Growth
TMN,2005,4.911103,2.165513,3.5246386666666667,10.573916,Moderate Growth
TON,2011,6.703697,,6.703697,6.703697,High Growth
TON,2016,6.598704,-0.10499300000000034,6.6512005,13.302401,High Growth
TON,2019,-0.285209,-6.883913,4.339064,13.017192,Negative Growth
TTO,2011,-0.294354,,-0.294354,-0.294354,Negative Growth
TTO,2016,-7.536363,-7.2420089999999995,-3.9153585,-7.830717,Negative Growth
TTO,2019,0.467735,8.004097999999999,-2.454327333333333,-7.362982,Low Growth
TUN,2011,-2.046634,,-2.046634,-2.046634,Negative Growth
TUN,2016,1.117232,3.163866,-0.46470100000000003,-0.9294020000000001,Low Growth
TUN,2019,1.550093,0.43286099999999994,0.20689699999999997,0.6206909999999999,Low Growth
TUR,2011,10.979963,,10.979963,10.979963,High Growth
TUR,2016,3.323665,-7.656298,7.151814,14.303628,Moderate Growth
TUR,2019,1.301624,-2.022041,5.201750666666666,15.605252,Low Growth
TUV,2011,6.818182,,6.818182,6.818182,High Growth
TUV,2016,5.660377,-1.1578049999999998,6.2392795,12.478559,Moderate Growth
TUV,2019,13.822098,8.161721,8.766885666666667,26.300657,High Growth
TZA,1999,4.863864,,4.863864,4.863864,Moderate Growth
TZA,2011,7.672155,2.8082909999999996,6.2680095,12.536019,High Growth
TZA,2016,6.867116,-0.8050389999999998,6.467711666666666,19.403135,High Growth
UGA,2011,9.391655,,9.391655,9.391655,High Growth
UGA,2016,4.781,-4.610655,7.0863274999999994,14.172654999999999,Moderate Growth
UGA,2019,6.438745,1.6577450000000002,6.870466666666666,20.6114,High Growth
UKR,2011,5.445281,,5.445281,5.445281,Moderate Growth
UKR,2016,2.440982,-3.0042989999999996,3.9431315,7.886263,Moderate Growth
UKR,2017,2.359972,-0.08101000000000003,3.415411666666666,10.246234999999999,Moderate Growth
UKR,2018,3.488362,1.12839,2.7631053333333333,13.734596999999999,Moderate Growth
UKR,2019,3.199504,-0.28885799999999984,3.015946,16.934101,Moderate Growth
URY,2000,-1.929931,,-1.929931,-1.929931,Negative Growth
URY,2006,4.098577,6.0285079999999995,1.084323,2.168646,Moderate Growth
URY,2011,5.162133,1.0635560000000002,2.443593,7.330779,Moderate Growth
URY,2012,3.538179,-1.623954,4.266296333333333,10.868958,Moderate Growth
URY,2014,3.238791,-0.299388,3.9797010000000004,14.107749,Moderate Growth
URY,2017,1.740376,-1.498415,2.8391153333333334,15.848125,Low Growth
URY,2018,0.164778,-1.5755979999999998,1.7146483333333336,16.012902999999998,Low Growth
USA,2000,4.077586,,4.077586,4.077586,Moderate Growth
USA,2006,2.78454,-1.2930460000000004,3.431063,6.862126,Moderate Growth
USA,2011,1.564407,-1.2201329999999997,2.808844333333333,8.426533,Low Growth
USA,2012,2.289113,0.7247059999999999,2.2126866666666665,10.715646,Moderate Growth
USA,2014,2.52382,0.23470700000000022,2.1257800000000002,13.239466,Moderate Growth
USA,2017,2.457622,-0.06619799999999998,2.4235183333333334,15.697088,Moderate Growth
USA,2018,2.966505,0.508883,2.649315666666667,18.663593,Moderate Growth
UZB,1993,-2.3,,-2.3,-2.3,Negative Growth
UZB,1999,4.3,6.6,1.0,2.0,Moderate Growth
UZB,2000,3.835,-0.46499999999999986,1.945,5.835,Moderate Growth
UZB,2006,7.451418,3.6164180000000004,5.195472666666666,13.286418000000001,High Growth
UZB,2007,9.473005,2.0215870000000002,6.919807666666667,22.759423,High Growth
UZB,2011,7.52514,-1.9478650000000002,8.149854333333334,30.284563000000002,High Growth
UZB,2012,7.102445,-0.42269500000000004,8.03353,37.387008,High Growth
UZB,2014,6.873838,-0.22860700000000023,7.167141000000001,44.260846,High Growth
UZB,2017,4.395275,-2.4785630000000003,6.123852666666667,48.656121,Moderate Growth
UZB,2018,5.559196,1.1639210000000002,5.609436333333334,54.215317,Moderate Growth
VCT,1999,2.710311,,2.710311,2.710311,Moderate Growth
VCT,2011,-0.606277,-3.316588,1.052017,2.104034,Negative Growth
VCT,2016,4.149681,4.755958,2.0845716666666667,6.253715,Moderate Growth
VEN,1993,0.27541,,0.27541,0.27541,Low Growth
VEN,1999,-5.970458,-6.245868,-2.847524,-5.695048,Negative Growth
VEN,2000,3.686944,9.657402,-0.669368,-2.008104,Moderate Growth
VEN,2001,3.394236,-0.2927080000000002,0.37024066666666666,1.386132,Moderate Growth
VEN,2006,9.872149,6.477913000000001,5.651109666666667,11.258281,High Growth
VEN,2007,8.753579,-1.11857,7.339988000000001,20.01186,High Growth
VEN,2011,4.176425,-4.577154,7.600717666666667,24.188285,Moderate Growth
VEN,2012,5.625957,1.4495319999999996,6.185320333333333,29.814242,Moderate Growth
VEN,2014,-3.894386,-9.520343,1.9693319999999999,25.919856,Negative Growth
VEN,2017,-15.671409,-11.777023,-4.646612666666667,10.248446999999999,Negative Growth
VEN,2018,-19.655342,-3.9839330000000004,-13.073712333333333,-9.406895000000002,Negative Growth
VIR,2005,3.485309,,3.485309,3.485309,Moderate Growth
VIR,2006,3.504993,0.019683999999999813,3.495151,6.990302,Moderate Growth
VIR,2007,4.010594,0.5056010000000004,3.6669653333333336,11.000896000000001,Moderate Growth
VIR,2008,1.218625,-2.791969,2.9114039999999997,12.219521,Low Growth
VIR,2011,-8.204246,-9.422870999999999,-0.9916756666666666,4.015275000000001,Negative Growth
VIR,2012,-14.8125,-6.6082540000000005,-7.266040333333334,-10.797225,Negative Growth
VIR,2014,-1.77453,13.03797,-8.263758666666666,-12.571755,Negative Growth
VIR,2017,-0.735294,1.0392359999999998,-5.774107999999999,-13.307049,Negative Growth
VIR,2018,1.878307,2.613601,-0.2105056666666667,-11.428742,Low Growth
VNM,1993,8.072731,,8.072731,8.072731,High Growth
VNM,1999,4.773587,-3.299143999999999,6.423159,12.846318,Moderate Growth
VNM,2000,6.787316,2.0137289999999997,6.544544666666667,19.633634,High Growth
VNM,2001,6.192893,-0.5944229999999999,5.917932,25.826527,High Growth
VNM,2006,6.977955,0.7850619999999999,6.652721333333333,32.804482,High Growth
VNM,2007,7.129504,0.15154900000000016,6.766784,39.933986,High Growth
VNM,2008,5.661771,-1.467733,6.589743333333334,45.595757,Moderate Growth
VNM,2011,6.413169,0.751398,6.401481333333333,52.008925999999995,High Growth
VNM,2012,5.504545,-0.9086239999999997,5.859828333333333,57.513470999999996,Moderate Growth
VNM,2014,6.422243,0.9176979999999997,6.113319000000001,63.935714,High Growth
VNM,2017,6.94019,0.5179470000000004,6.288992666666668,70.87590399999999,High Growth
VNM,2018,7.465007,0.5248169999999996,6.942480000000001,78.340911,High Growth
VUT,1993,0.735448,,0.735448,0.735448,Low Growth
VUT,1999,0.337293,-0.398155,0.5363705,1.072741,Low Growth
VUT,2000,5.924809,5.587516,2.3325166666666663,6.9975499999999995,Moderate Growth
VUT,2001,-3.397582,-9.322391,0.9548399999999999,3.5999679999999996,Negative Growth
VUT,2006,8.460697,11.858279,3.662641333333333,12.060665,High Growth
VUT,2007,2.875892,-5.584804999999999,2.646335666666667,14.936557,Moderate Growth
VUT,2011,3.139803,0.26391100000000023,4.825464,18.07636,Moderate Growth
VUT,2012,1.010048,-2.1297550000000003,2.3419143333333334,19.086408,Low Growth
VUT,2014,2.57504,1.564992,2.241630333333333,21.661448,Moderate Growth
VUT,2017,4.412666,1.8376259999999998,2.665918,26.074114,Moderate Growth
VUT,2018,2.90023,-1.5124359999999997,3.2959786666666666,28.974344,Moderate Growth
WSM,2017,1.406282,,1.406282,1.406282,Low Growth
YEM,1993,4.001966,,4.001966,4.001966,Moderate Growth
YEM,1999,3.77553,-0.22643600000000053,3.888748,7.777496,Moderate Growth
YEM,2000,6.181916,2.4063860000000004,4.6531373333333335,13.959412,High Growth
YEM,2001,3.803646,-2.37827,4.587030666666667,17.763058,Moderate Growth
YEM,2005,5.591748,1.7881019999999999,5.192436666666667,23.354806,Moderate Growth
YEM,2006,3.170409,-2.421339,4.188600999999999,26.525215,Moderate Growth
YEM,2007,3.338428,0.16801900000000014,4.033528333333333,29.863643,Moderate Growth
YEM,2008,3.647569,0.3091409999999999,3.3854686666666667,33.511212,Moderate Growth
YEM,2011,-12.714897,-16.362466,-1.909633333333333,20.796315,Negative Growth
YEM,2012,2.39299,15.107887000000002,-2.224779333333333,23.189305,Moderate Growth
YEM,2014,-0.18869,-2.58168,-3.503532333333333,23.000615,Negative Growth
YEM,2017,-5.071796,-4.883106,-0.9558319999999997,17.928819,Negative Growth
YEM,2018,0.752448,5.824244,-1.502679333333333,18.681267,Low Growth
ZAF,1999,2.4,,2.4,2.4,Moderate Growth
ZAF,2011,3.168556,0.7685560000000002,2.784278,5.568556,Moderate Growth
ZAF,2013,2.485468,-0.6830880000000001,2.6846746666666665,8.054024,Moderate Growth
ZMB,1993,6.797274,,6.797274,6.797274,High Growth
ZMB,1999,4.65019,-2.1470839999999995,5.723732,11.447464,Moderate Growth
ZMB,2000,3.897323,-0.7528670000000002,5.114929,15.344787,Moderate Growth
ZMB,2001,5.316868,1.4195450000000003,4.621460333333334,20.661655,Moderate Growth
ZMB,2005,7.235599,1.9187309999999993,5.483263333333333,27.897254,High Growth
ZMB,2006,7.903694,0.6680950000000001,6.818720333333334,35.800948,High Growth
ZMB,2007,8.352436,0.4487420000000011,7.830576333333333,44.153384,High Growth
ZMB,2008,7.773896,-0.5785400000000012,8.010008666666666,51.92728,High Growth
ZMB,2011,5.569252,-2.204644,7.231861333333332,57.496532,Moderate Growth
ZMB,2012,7.597381,2.0281290000000007,6.980176333333333,65.093913,High Growth
ZWE,1993,1.05137,,1.05137,1.05137,Low Growth
ZWE,1999,-0.817895,-1.869265,0.11673749999999994,0.23347499999999988,Negative Growth
ZWE,2000,-3.059118,-2.2412229999999997,-0.941881,-2.825643,Negative Growth
ZWE,2001,1.439517,4.498635,-0.8124986666666666,-1.386126,Low Growth
ZWE,2004,-5.80754,-7.247057,-2.475713666666667,-7.193666,Negative Growth
ZWE,2005,-5.711125,0.09641500000000036,-3.359716,-12.904791,Negative Growth
ZWE,2006,-3.461403,2.249722,-4.9933559999999995,-16.366194,Negative Growth
ZWE,2007,-3.653251,-0.19184800000000024,-4.275259666666666,-20.019445,Negative Growth
ZWE,2008,-17.668999,-14.015747999999999,-8.261217666666665,-37.688444000000004,Negative Growth
ZWE,2011,14.193916,31.862915,-2.3761113333333324,-23.494528000000003,High Growth
ZWE,2012,16.665429,2.471513,4.396782000000001,-6.829098999999999,High Growth
